City_ID,Lat,Lng,Max Temp,Humidity,Cloudiness,Wind Speed,Current Description
0,-0.7393,-90.3518,70.56,88,45,5.01,scattered clouds
1,5.4112,100.3354,82.33,85,20,3.44,few clouds
2,64.9225,77.785,-6.48,93,80,5.99,broken clouds
3,-53.15,-70.9167,46.51,61,75,23.02,broken clouds
4,68.0531,39.5131,27.66,94,84,17.22,broken clouds
5,37.4,136.9,54.28,87,75,5.75,broken clouds
6,78.2186,15.6401,35.44,80,75,16.11,light rain
7,-20.4081,57.7,72.25,94,40,4.61,scattered clouds
8,58.5169,-117.136,-7.49,77,100,10.36,light snow
9,42.9167,2.1667,40.71,95,69,4.36,broken clouds
10,-42.7826,147.0587,65.7,52,100,7.0,overcast clouds
11,42.6056,-83.1499,51.44,83,98,4.0,overcast clouds
12,-42.8794,147.3294,66.06,48,75,18.41,broken clouds
13,37.7167,-25.4333,64.81,84,93,3.8,overcast clouds
14,5.0314,25.1361,68.59,87,84,0.56,light rain
15,41.3712,-73.414,35.65,83,0,3.44,clear sky
16,-23.1203,-134.9692,72.34,72,78,13.0,broken clouds
17,-8.345,113.6058,81.36,77,88,4.29,overcast clouds
18,-33.9258,18.4232,64.81,87,75,10.36,broken clouds
19,-11.0964,-77.6139,67.8,81,100,8.37,overcast clouds
20,64.3833,-173.3,32.36,93,100,13.42,light rain and snow
21,8.25,34.5833,74.55,62,88,3.67,overcast clouds
22,62.456,-114.3525,-24.45,68,40,4.61,scattered clouds
23,-21.2,-175.2,78.98,68,43,13.94,scattered clouds
24,57.8,158.6667,22.28,72,100,17.67,overcast clouds
25,24.8,125.2833,71.87,94,75,29.93,broken clouds
26,37.1041,-113.5841,46.99,25,0,4.61,clear sky
27,-4.3878,-59.5939,75.58,87,73,1.34,broken clouds
28,-37.6167,-73.65,54.73,87,96,17.11,overcast clouds
29,69.4541,-133.0374,-0.4,85,100,16.11,light snow
30,58.011,49.1038,3.24,99,72,2.89,broken clouds
31,-41.8697,-73.8203,47.71,72,6,4.79,clear sky
32,-30.1811,-50.2056,70.72,90,41,16.06,scattered clouds
33,38.5167,-28.7,60.78,91,45,4.0,scattered clouds
34,72.7868,-56.1549,5.63,95,100,14.94,light snow
35,-33.4569,-70.6483,66.54,70,0,11.5,clear sky
36,57.79,-152.4072,29.71,55,0,11.5,clear sky
37,39.9256,9.6572,51.62,71,40,20.71,moderate rain
38,71.2906,-156.7887,3.22,78,100,12.66,overcast clouds
39,-34.4187,19.2345,62.8,92,8,6.82,clear sky
40,38.0507,58.2056,40.73,93,43,0.0,scattered clouds
41,63.8424,-22.4338,46.87,100,100,33.38,overcast clouds
42,-46.1333,167.6833,52.03,90,90,15.84,overcast clouds
43,65.6145,-37.6368,37.56,88,100,37.85,light rain
44,-19.55,169.2667,86.11,74,53,3.44,broken clouds
45,-15.1961,12.1522,68.47,85,100,5.82,overcast clouds
46,-46.6,168.3333,59.81,72,52,15.9,broken clouds
47,-26.6481,15.1594,60.04,91,0,8.95,clear sky
48,-33.918,25.5701,70.32,77,0,5.75,clear sky
49,55.3422,-131.6461,25.27,33,40,12.66,scattered clouds
50,-33.65,115.3333,86.43,26,0,9.01,clear sky
51,-1.5746,9.2618,74.37,91,100,5.23,light rain
52,-29.9533,-71.3436,62.33,82,100,4.61,overcast clouds
53,-16.7,-151.0167,79.74,74,11,9.91,few clouds
54,-34.4833,-54.3333,63.1,92,0,10.94,clear sky
55,-54.8,-68.3,46.06,71,75,11.5,light rain
56,18.7333,-103.6833,73.62,87,9,0.22,clear sky
57,26.9298,-82.0454,75.24,69,0,13.0,clear sky
58,52.6482,19.0678,28.65,95,21,8.52,few clouds
59,7.7669,-72.225,66.38,98,100,3.87,overcast clouds
60,42.6001,-73.9662,32.67,78,100,1.01,overcast clouds
61,3.0707,172.7902,80.89,76,16,10.56,few clouds
62,36.8197,21.7049,54.21,83,98,22.35,overcast clouds
63,-33.0153,27.9116,69.46,80,25,14.38,scattered clouds
64,43.1001,-79.0663,44.78,75,0,11.5,clear sky
65,70.6333,147.9167,-9.89,99,100,6.82,light snow
66,51.3223,42.7678,21.22,56,10,7.25,clear sky
67,19.7297,-155.09,80.28,87,100,10.36,overcast clouds
68,-21.2078,-159.775,80.65,74,60,16.11,broken clouds
69,-13.7,-76.2167,68.05,83,0,10.36,clear sky
70,32.5,62.5,49.8,48,78,3.65,broken clouds
71,-46.1927,168.8643,59.49,59,99,8.03,overcast clouds
72,41.6999,2.8457,53.91,84,66,6.76,broken clouds
73,48.0448,40.045,25.32,44,79,17.85,broken clouds
74,14.8961,-24.4956,74.46,65,9,8.93,clear sky
75,11.2833,-15.8333,80.64,63,75,8.3,broken clouds
76,38.0608,-97.9298,29.73,68,0,11.5,clear sky
77,20.1444,-75.2092,80.17,88,22,5.12,few clouds
78,-20.2333,164.0167,81.99,78,100,11.18,overcast clouds
79,62.2266,-6.589,43.72,82,100,13.96,overcast clouds
80,20.8947,-156.47,81.97,82,40,9.22,scattered clouds
81,63.4427,-20.2734,47.28,90,100,34.74,overcast clouds
82,63.65,22.6833,30.99,94,100,7.72,overcast clouds
83,-22.9661,-42.0278,73.29,90,95,21.32,overcast clouds
84,-0.6,73.0833,81.28,74,100,6.71,overcast clouds
85,-20.3428,57.7575,72.21,94,40,4.61,scattered clouds
86,71.9667,102.5,-22.7,93,5,4.76,clear sky
87,65.9702,-18.5286,28.33,73,99,14.2,overcast clouds
88,-13.2,49.05,73.8,82,41,2.55,scattered clouds
89,-22.2763,166.4572,85.98,99,65,8.1,broken clouds
90,34.4506,40.9171,54.86,84,100,4.63,overcast clouds
91,59.7035,30.7861,26.49,90,100,4.83,overcast clouds
92,-3.8004,102.2655,78.26,85,100,3.49,overcast clouds
93,22.0752,-159.319,82.38,73,0,9.22,clear sky
94,2.95,9.9167,76.41,88,99,6.58,overcast clouds
95,17.9716,-66.908,77.18,87,3,5.26,clear sky
96,77.484,-69.3632,-17.7,81,19,6.31,few clouds
97,32.6667,-17.1,63.72,74,12,5.23,few clouds
98,35.7333,140.8333,66.29,75,100,14.2,overcast clouds
99,6.1241,81.1185,71.94,100,19,3.44,few clouds
100,-25.4,-70.4833,62.92,82,0,4.0,clear sky
101,54.1667,93.3,-16.89,100,93,3.29,overcast clouds
102,40.5982,-124.1573,46.74,82,0,5.75,clear sky
103,31.61,34.7642,62.4,100,2,5.41,clear sky
104,29.234,56.6057,44.56,38,78,1.74,broken clouds
105,46.4154,3.9054,42.24,93,100,5.75,overcast clouds
106,57.0186,82.0711,-15.16,97,71,3.15,broken clouds
107,47.6666,-52.7314,28.58,74,75,12.66,broken clouds
108,64.2539,-15.2082,44.87,95,100,13.29,overcast clouds
109,-9.8,-139.0333,77.76,72,10,14.27,clear sky
110,50.6789,156.125,40.01,99,100,9.46,light rain
111,11.6765,10.1948,62.44,26,91,7.96,overcast clouds
112,-15.5333,167.1667,86.88,64,61,9.1,broken clouds
113,15.7432,-96.4661,79.83,86,86,1.92,light rain
114,-21.3585,55.7679,72.99,78,44,2.64,scattered clouds
115,-8.2686,-72.7439,77.54,59,16,3.36,few clouds
116,37.9514,-91.7713,39.85,76,75,19.57,broken clouds
117,17.0151,54.0924,73.49,78,20,4.61,few clouds
118,2.3284,37.9899,64.06,81,45,14.45,scattered clouds
119,34.1667,77.5833,17.92,54,88,0.43,overcast clouds
120,49.7833,-92.7503,17.89,86,100,3.44,overcast clouds
121,35.0213,50.3566,50.0,47,95,1.1,overcast clouds
122,35.1333,140.3,68.36,79,80,7.54,broken clouds
123,69.3833,178.4167,24.13,81,100,7.18,overcast clouds
124,-3.7508,103.6372,76.66,91,100,0.63,overcast clouds
125,39.0062,-77.4286,47.1,73,40,9.22,scattered clouds
126,-38.0023,-57.5575,67.08,94,75,10.0,thunderstorm with rain
127,59.3723,24.9275,30.97,94,75,5.75,broken clouds
128,13.2167,-59.5167,79.41,78,40,14.97,scattered clouds
129,55.7435,-97.8558,1.56,71,100,16.11,light snow
130,-28.7667,114.6,75.61,64,100,11.5,overcast clouds
131,-28.24,-48.6703,73.85,94,97,11.07,overcast clouds
132,42.7356,45.5758,40.84,80,100,0.83,overcast clouds
133,69.4865,88.3972,-11.9,99,100,4.47,overcast clouds
134,-22.6667,167.4833,79.09,83,82,6.08,broken clouds
135,58.8486,26.9397,30.09,94,100,6.76,overcast clouds
136,64.8569,-147.8028,-9.42,78,40,0.0,scattered clouds
137,22.9333,57.5333,69.64,45,100,3.83,overcast clouds
138,53.5739,142.9478,15.08,90,100,34.94,light snow
139,33.5959,56.9244,55.45,37,99,2.26,overcast clouds
140,18.7369,7.3853,67.12,25,4,7.72,clear sky
141,54.6025,61.231,-2.34,85,100,3.87,overcast clouds
142,47.8667,88.1167,-3.57,50,6,7.49,clear sky
143,45.2333,147.8833,35.76,66,100,15.32,overcast clouds
144,46.2167,130.5167,-2.63,80,100,19.91,overcast clouds
145,4.375,-7.7169,76.89,86,54,1.88,light rain
146,-25.2986,152.8535,69.91,88,100,26.78,moderate rain
147,43.7272,-1.0516,48.72,100,100,4.61,overcast clouds
148,20.0058,110.3542,78.78,89,75,6.71,broken clouds
149,4.1833,19.9,71.29,90,100,2.93,overcast clouds
150,9.4942,50.8122,75.97,73,3,13.29,clear sky
151,39.8403,-88.9548,58.87,100,100,10.36,overcast clouds
152,36.6177,-121.9166,53.28,75,0,11.01,clear sky
153,-33.5906,26.891,69.31,82,2,5.12,clear sky
154,-23.7,133.8833,78.35,24,0,13.8,clear sky
155,39.2667,141.8833,55.22,68,100,6.8,moderate rain
156,-0.9492,100.3543,80.65,71,100,1.28,overcast clouds
157,58.0106,114.2769,-20.16,98,100,0.98,overcast clouds
158,14.4,46.4667,58.93,55,0,1.61,clear sky
159,2.8197,-60.6733,78.78,83,0,2.3,clear sky
160,-34.7333,135.8667,63.43,60,46,10.04,scattered clouds
161,64.5011,-165.4064,17.67,79,100,12.66,overcast clouds
162,44.2278,4.6214,45.59,77,46,12.55,scattered clouds
163,35.9557,-80.0053,51.78,82,100,0.0,overcast clouds
164,-8.9266,125.4092,73.62,52,90,2.62,overcast clouds
165,-34.0033,24.7314,62.89,80,2,6.49,clear sky
166,13.7332,-84.7773,69.8,87,36,3.18,scattered clouds
167,28.3669,121.36,46.63,85,99,19.98,overcast clouds
168,25.9833,76.3667,57.9,50,100,2.46,overcast clouds
169,59.3833,143.3,7.65,86,100,29.46,light snow
170,56.1473,44.1979,-1.01,98,80,1.01,broken clouds
171,-26.5333,153.1,70.34,87,100,1.99,light rain
172,51.4,46.8667,18.41,55,2,5.95,clear sky
173,-29.539,31.2144,64.24,82,0,6.91,clear sky
174,50.2001,-66.3821,17.6,60,0,6.91,clear sky
175,-12.497,131.047,89.98,77,100,9.31,overcast clouds
176,69.4154,30.8136,31.28,92,99,13.85,overcast clouds
177,-8.0089,-34.8553,80.33,69,75,5.75,broken clouds
178,3.3803,-59.7968,75.65,87,68,6.08,light rain
179,-37.8811,147.981,69.17,51,4,7.2,clear sky
180,29.8458,-90.1067,77.0,91,100,15.01,mist
181,62.5333,155.8,-21.48,99,100,4.63,overcast clouds
182,63.05,179.3167,30.45,99,100,2.73,light snow
183,38.8876,-76.5119,48.15,79,0,9.22,clear sky
184,-1.5843,14.2591,68.58,91,88,1.39,overcast clouds
185,51.226,-58.6502,10.09,79,8,13.22,clear sky
186,20.5169,-13.0499,66.02,20,0,8.3,clear sky
187,51.8333,143.1667,13.44,83,100,20.54,overcast clouds
188,51.3813,1.3862,45.3,95,28,1.01,scattered clouds
189,48.8534,2.3488,45.09,94,100,5.75,overcast clouds
190,-3.6667,152.4333,85.39,66,100,4.72,light rain
191,34.5686,105.8933,23.04,27,100,4.05,overcast clouds
192,34.5,133.5,58.87,63,100,13.13,overcast clouds
193,50.6996,-127.4199,32.18,100,100,37.98,light snow
194,34.6391,-120.4579,54.79,78,0,5.75,clear sky
195,-24.8667,113.6333,76.14,66,0,13.11,clear sky
196,70.4692,-68.5914,-23.57,69,0,8.05,clear sky
197,68.3499,-133.7218,-8.54,77,75,4.61,broken clouds
198,24.4667,54.3667,75.22,83,0,2.3,clear sky
199,51.6828,102.1408,-4.81,81,82,1.21,broken clouds
200,65.6118,72.6842,4.57,93,98,6.17,overcast clouds
201,0.5167,25.2,67.87,99,100,0.25,light rain
202,70.8578,29.0864,37.4,80,100,18.41,overcast clouds
203,25.9333,81.9833,63.91,56,100,1.41,overcast clouds
204,-28.783,32.0377,63.41,81,0,6.33,clear sky
205,39.4696,3.1483,47.14,77,54,8.16,broken clouds
206,50.5994,97.5228,-17.68,93,95,0.6,overcast clouds
207,-34.5322,20.0403,63.45,76,7,5.44,clear sky
208,37.6803,112.7319,11.95,28,0,8.95,clear sky
209,42.2506,-75.833,37.02,80,0,11.5,clear sky
210,69.6496,18.957,37.42,75,100,8.05,overcast clouds
211,-16.7686,-47.6136,63.93,77,60,3.91,broken clouds
212,43.801,87.6005,-8.45,77,0,2.24,clear sky
213,57.1111,51.6149,-0.17,99,74,2.13,broken clouds
214,65.282,-126.8329,-32.76,68,75,0.0,broken clouds
215,1.4368,10.5512,66.24,99,100,2.1,overcast clouds
216,20.0,-3.0,63.45,21,0,10.94,clear sky
217,-12.8525,15.5606,58.64,93,98,1.01,overcast clouds
218,60.3071,54.3241,13.75,95,100,2.48,light snow
219,0.0939,33.9756,67.35,79,100,5.95,overcast clouds
220,5.1033,73.0708,80.91,69,16,4.63,few clouds
221,-23.3556,-47.8569,63.63,95,75,5.68,light rain
222,43.8031,143.8908,36.86,86,100,2.73,overcast clouds
223,-33.0117,17.9442,64.45,96,39,2.95,scattered clouds
224,37.4725,-4.4421,47.53,46,99,1.95,overcast clouds
225,30.7554,20.2263,60.48,68,15,6.98,light rain
226,38.3575,31.4164,45.68,78,8,2.98,clear sky
227,34.2257,-77.9447,62.85,84,20,5.75,few clouds
228,-33.6971,-53.4616,66.02,90,0,10.36,clear sky
229,60.4667,166.1,15.24,91,9,3.11,clear sky
230,-18.3667,21.85,71.08,52,45,5.68,scattered clouds
231,18.65,-74.1167,78.06,76,90,2.93,overcast clouds
232,-1.7625,-48.8043,72.93,98,100,3.36,heavy intensity rain
233,-33.8667,121.9,74.57,43,100,14.56,light rain
234,-8.4667,140.3333,79.97,83,100,8.34,overcast clouds
235,-45.8742,170.5036,56.8,75,100,13.0,overcast clouds
236,71.9167,114.0833,-24.97,99,100,5.93,overcast clouds
237,-35.7167,150.1833,67.1,56,7,11.81,clear sky
238,-23.865,35.3833,67.51,66,5,9.24,clear sky
239,8.3333,-80.5167,73.27,95,100,2.89,overcast clouds
240,68.0546,166.4372,4.01,98,100,3.91,overcast clouds
241,4.8699,-2.2405,77.23,85,99,1.61,light rain
242,61.994,-49.6678,27.77,83,100,15.82,overcast clouds
243,43.7501,-81.7165,44.92,81,100,18.41,overcast clouds
244,-10.4056,-36.4344,74.53,90,100,11.03,moderate rain
245,51.0239,45.6969,19.35,56,0,5.95,clear sky
246,69.1933,33.2531,28.18,92,89,11.52,overcast clouds
247,-5.6667,132.75,80.83,81,100,15.79,moderate rain
248,42.097,-79.2353,45.99,83,0,11.99,clear sky
249,42.1584,-72.3287,33.85,84,75,0.0,broken clouds
250,-2.2333,-80.9,70.7,82,91,12.71,overcast clouds
251,-24.7911,-50.0119,60.01,95,100,6.98,overcast clouds
252,18.217,-63.0578,80.1,65,3,18.03,clear sky
253,57.8853,39.5406,6.33,97,60,3.36,broken clouds
254,5.768,20.6757,74.34,67,100,3.04,overcast clouds
255,-8.7676,160.7034,83.08,79,58,3.6,light rain
256,60.4167,134.5333,-29.43,91,100,5.32,overcast clouds
257,63.7506,-68.5145,-15.07,70,20,18.41,few clouds
258,30.8,-81.6898,64.9,91,2,4.34,clear sky
259,64.8378,-147.7164,-9.4,78,20,0.0,few clouds
260,-15.7667,128.7333,94.98,36,40,18.41,scattered clouds
261,-10.0681,-78.1522,67.89,82,89,6.29,overcast clouds
262,-6.2411,-42.8547,72.16,97,100,5.48,heavy intensity rain
263,-12.2569,44.5319,75.99,84,9,4.76,clear sky
264,44.7738,8.3539,41.54,88,52,1.48,broken clouds
265,48.7555,-91.6216,20.68,84,100,7.78,overcast clouds
266,-25.2406,130.9889,81.57,19,0,10.11,clear sky
267,10.4762,-66.5427,70.05,97,100,2.33,overcast clouds
268,5.5167,5.75,75.99,89,68,1.61,broken clouds
269,47.9714,80.4392,-0.94,73,100,9.35,overcast clouds
270,16.0215,80.9181,70.74,75,11,4.09,few clouds
271,-20.2078,57.7625,72.09,74,90,8.28,overcast clouds
272,36.0751,32.8369,62.82,58,7,9.78,clear sky
273,53.0452,158.6483,32.59,93,100,17.9,mist
274,-32.5943,149.5871,71.78,42,13,6.24,few clouds
275,31.2089,16.5887,60.89,60,1,16.75,clear sky
276,52.2234,18.2512,30.2,91,90,7.23,overcast clouds
277,22.2855,114.1577,79.25,86,12,10.0,few clouds
278,69.2167,-51.1,12.6,84,100,1.63,overcast clouds
279,-5.1989,-35.4608,79.97,65,96,9.48,overcast clouds
280,-32.5,137.7667,74.59,35,0,9.71,clear sky
281,64.2229,41.656,15.76,97,72,2.82,broken clouds
282,9.55,-79.65,73.96,91,100,9.24,light rain
283,46.6906,-71.8901,25.29,74,65,3.44,broken clouds
284,8.2203,-72.2439,75.31,94,100,1.41,overcast clouds
285,20.5022,-10.0711,62.26,21,0,10.65,clear sky
286,68.75,161.3,-11.67,95,99,7.2,overcast clouds
287,56.4127,-5.4706,41.38,81,100,5.3,overcast clouds
288,61.67,96.37,-19.44,100,85,3.56,overcast clouds
289,20.7,-105.2,74.23,79,17,2.26,few clouds
290,42.9422,126.0561,3.58,54,5,17.92,clear sky
291,42.107,-72.6204,34.3,84,0,1.01,clear sky
292,42.8,93.45,8.89,25,0,2.42,clear sky
293,14.298,44.3779,44.91,42,0,5.35,clear sky
294,48.6499,-53.1147,25.68,74,99,23.71,overcast clouds
295,51.9556,66.4042,5.97,80,100,7.25,overcast clouds
296,52.4503,64.6311,0.61,82,84,9.37,broken clouds
297,-34.6177,-68.3301,68.59,68,75,4.61,light rain
298,-20.4872,57.4656,71.19,80,36,7.81,scattered clouds
299,21.4267,39.8261,76.08,67,7,5.55,clear sky
300,15.35,76.15,66.74,78,3,7.2,clear sky
301,-34.6534,-58.6198,80.98,71,21,7.85,few clouds
302,22.5455,114.0683,79.14,90,76,10.16,broken clouds
303,-1.195,-46.02,75.31,93,100,3.76,overcast clouds
304,54.7682,-101.865,0.45,91,100,14.16,overcast clouds
305,54.5167,9.55,41.92,89,100,5.75,overcast clouds
306,51.55,-9.2667,52.11,97,100,16.73,overcast clouds
307,-46.2817,169.8464,60.01,63,100,11.81,light rain
308,-38.2667,141.9667,60.96,67,100,11.99,overcast clouds
309,43.1501,-77.6831,40.96,75,40,13.8,scattered clouds
310,59.7,150.1667,21.02,91,100,27.2,snow
311,46.4333,26.4,33.28,95,100,2.95,overcast clouds
312,70.9963,24.6622,39.43,86,100,14.63,overcast clouds
313,40.4723,50.333,46.54,68,100,19.3,overcast clouds
314,43.2686,-7.5406,44.58,98,92,2.57,overcast clouds
315,8.4054,48.4845,68.05,75,1,10.13,clear sky
316,-19.0595,-169.9187,82.29,74,75,12.66,light intensity drizzle
317,-21.6403,-41.0511,73.94,90,100,18.81,overcast clouds
318,5.2618,-0.759,79.02,81,100,4.18,overcast clouds
319,39.3953,121.9669,21.4,36,99,14.9,overcast clouds
320,-6.6447,-51.995,70.68,99,98,0.69,heavy intensity rain
321,45.0205,-93.218,21.25,79,75,17.27,broken clouds
322,-6.1219,141.2906,92.01,51,100,2.08,overcast clouds
323,4.9333,-52.3333,73.44,94,100,4.61,overcast clouds
324,36.6167,101.7667,11.75,41,100,3.02,overcast clouds
325,-20.5167,57.5167,71.98,94,40,4.61,scattered clouds
326,-3.3836,-57.7186,74.64,82,64,1.92,broken clouds
327,28.017,-97.5169,73.26,92,3,4.79,clear sky
328,50.2845,29.5263,29.35,98,100,7.87,light snow
329,-13.8745,-171.5986,89.38,77,100,8.72,light rain
330,42.4411,19.2636,50.5,81,0,1.14,clear sky
331,45.5234,-122.6762,42.91,94,100,11.01,overcast clouds
332,17.9583,-102.2,77.16,76,15,3.51,few clouds
333,-16.4833,-151.75,79.41,77,26,12.12,scattered clouds
334,37.2001,-94.3502,36.88,71,7,10.0,clear sky
335,28.8947,64.4101,52.93,41,3,6.06,clear sky
336,10.9995,122.6711,83.41,78,77,15.61,broken clouds
337,40.1629,-8.3327,44.08,94,17,2.66,few clouds
338,-22.9575,14.5053,61.09,82,11,1.14,few clouds
339,54.7183,135.315,-4.49,67,100,22.24,overcast clouds
340,40.4272,71.7189,43.52,87,99,4.61,mist
341,66.0449,-17.3389,34.7,83,52,14.43,broken clouds
342,40.5373,-7.2658,34.07,83,11,1.32,few clouds
343,48.5872,57.1869,15.35,41,4,13.33,clear sky
344,-35.3333,-72.4167,54.79,94,20,10.36,few clouds
345,-45.5752,-72.0662,48.15,57,20,3.44,few clouds
346,20.4833,82.9167,63.63,58,0,0.92,clear sky
347,45.0531,34.3154,38.88,83,56,7.72,broken clouds
348,27.3747,87.2039,61.47,56,9,1.66,clear sky
349,53.9491,46.7042,12.69,96,71,2.59,broken clouds
350,28.5004,-13.8627,64.15,72,40,9.22,scattered clouds
351,17.0818,122.4157,84.87,71,40,5.19,scattered clouds
352,25.5198,90.2201,67.68,76,0,2.28,clear sky
353,7.85,9.7833,70.45,30,50,5.59,scattered clouds
354,-43.3002,-65.1023,54.43,68,49,13.87,scattered clouds
355,-12.7336,45.2042,74.91,88,0,0.0,clear sky
356,-6.3164,155.4848,76.5,83,99,1.1,light rain
357,-3.432,10.6554,76.12,86,100,3.71,overcast clouds
358,48.3333,-0.6667,38.64,90,96,4.68,overcast clouds
359,53.5237,-2.4935,40.75,96,100,1.01,overcast clouds
360,-21.35,165.15,85.15,65,78,3.58,broken clouds
361,41.1415,-73.3579,40.17,68,99,4.14,overcast clouds
362,66.845,32.3622,26.33,96,100,3.31,overcast clouds
363,55.7271,53.1026,-0.53,99,70,3.65,broken clouds
364,27.0377,14.4283,53.28,52,0,9.28,clear sky
365,51.735,39.1496,16.02,92,0,8.95,clear sky
366,56.555,76.6271,-15.72,95,21,3.69,few clouds
367,69.3143,16.1194,39.18,70,40,5.75,scattered clouds
368,65.8522,44.24,28.67,97,100,4.99,overcast clouds
369,-20.3297,-40.2925,73.35,94,100,11.5,mist
370,34.8791,-76.9013,62.92,84,0,9.22,clear sky
371,-5.795,-35.2094,79.45,69,40,6.91,scattered clouds
372,18.3851,42.4509,51.91,68,0,0.18,clear sky
373,-34.5833,150.8552,73.18,61,17,5.99,few clouds
374,55.65,109.3167,-12.19,81,48,4.21,scattered clouds
375,-34.6833,150.8667,73.38,63,17,5.99,few clouds
376,-27.3667,-70.3333,56.89,78,2,2.42,clear sky
377,14.7333,121.6333,83.23,79,100,12.71,light rain
378,-28.8667,153.5667,72.01,66,100,15.35,overcast clouds
379,6.4965,2.6036,80.42,84,59,3.02,broken clouds
380,67.45,153.6833,-18.4,96,97,8.59,overcast clouds
381,-2.9248,-39.9167,76.5,83,100,4.07,overcast clouds
382,-26.6167,-54.1333,65.08,85,67,4.45,broken clouds
383,-13.275,-50.1628,71.31,93,92,7.58,overcast clouds
384,-8.1181,111.8935,80.69,76,100,7.47,overcast clouds
385,28.0667,95.3333,69.85,47,8,1.45,clear sky
386,-2.6741,141.3028,85.59,65,100,2.89,overcast clouds
387,70.3705,31.1107,33.78,80,77,25.32,broken clouds
388,73.5069,80.5464,1.42,100,96,4.05,overcast clouds
389,16.1307,119.7824,86.13,65,94,10.09,overcast clouds
390,13.0667,-59.5333,78.89,78,40,14.97,scattered clouds
391,-2.0226,147.2712,86.47,64,79,9.86,broken clouds
392,52.3333,124.7333,-9.33,75,100,11.7,overcast clouds
393,-21.3393,55.4781,73.9,64,0,4.61,clear sky
394,22.3082,89.7897,74.01,53,2,5.3,clear sky
395,11.6667,92.75,82.54,77,81,7.23,broken clouds
396,54.1169,-112.4686,0.32,92,100,6.91,overcast clouds
397,-27.7951,-64.2615,78.84,55,99,5.5,overcast clouds
398,-31.7333,-55.9833,71.46,61,21,10.42,few clouds
399,42.8666,-106.3131,12.72,79,97,4.0,overcast clouds
400,22.8909,-109.9124,71.19,74,31,6.24,scattered clouds
401,21.4447,-157.8378,83.91,69,40,8.05,scattered clouds
402,22.2769,113.5678,76.78,88,40,18.41,scattered clouds
403,38.0667,116.5667,21.51,15,100,5.35,overcast clouds
404,-12.7406,-60.1458,75.04,63,88,3.76,overcast clouds
405,69.7008,170.3133,7.05,95,100,7.7,light snow
406,57.4667,-1.7833,28.78,80,66,15.23,broken clouds
407,2.3833,11.2833,67.19,99,100,1.95,overcast clouds
408,44.0787,-80.2041,38.19,90,100,15.88,overcast clouds
409,-16.2064,-44.4333,65.79,95,20,3.38,few clouds
410,-20.0064,57.6608,72.37,78,100,1.01,overcast clouds
411,49.7834,-74.8492,13.78,91,100,10.02,overcast clouds
412,-1.8685,11.0559,71.6,99,100,1.21,overcast clouds
413,10.1483,-85.452,74.05,89,96,1.99,overcast clouds
414,6.6221,73.07,80.98,69,79,3.36,broken clouds
415,36.9559,36.2,57.88,67,100,6.35,overcast clouds
416,9.5357,99.9357,84.11,84,20,0.0,few clouds
417,66.8333,70.8333,-3.86,100,87,1.1,overcast clouds
418,5.2741,-3.595,80.22,87,18,3.29,few clouds
419,12.1694,-83.0418,81.03,79,97,17.98,overcast clouds
420,56.8937,65.8938,0.52,84,100,5.21,overcast clouds
421,-45.4167,167.7167,59.81,69,55,4.92,broken clouds
422,50.75,12.65,39.02,90,100,3.15,overcast clouds
423,42.5061,27.4678,46.51,87,100,18.41,overcast clouds
424,41.5,33.6667,40.48,80,20,0.58,few clouds
425,42.4308,130.6434,12.51,56,0,25.72,clear sky
426,-6.8367,-79.9342,66.94,86,80,12.37,broken clouds
427,-30.3833,153.1,73.42,53,99,13.8,overcast clouds
428,24.1447,67.4497,68.94,27,0,10.4,clear sky
429,-35.1,173.7833,77.32,74,15,13.91,few clouds
430,60.1432,-45.2371,31.6,84,100,12.73,overcast clouds
431,9.56,44.065,57.52,62,2,9.4,clear sky
432,62.8629,51.8905,17.02,97,100,3.33,overcast clouds
433,20.4197,104.0439,75.67,66,73,1.92,broken clouds
434,-0.583,117.095,84.31,76,97,1.81,overcast clouds
435,-37.0167,175.85,72.19,55,16,12.93,light rain
436,9.3503,-65.3245,72.82,95,93,5.95,overcast clouds
437,43.5206,68.5094,37.38,94,99,1.92,overcast clouds
438,4.4148,114.0089,84.34,74,20,2.3,few clouds
439,15.5181,73.7626,77.0,94,97,3.44,mist
440,16.7023,102.8557,86.02,71,96,3.09,overcast clouds
441,-5.0892,-81.1144,67.1,84,96,13.38,overcast clouds
442,60.34,102.2797,-12.93,97,97,6.91,overcast clouds
443,20.1986,1.0114,67.95,19,99,6.87,overcast clouds
444,-17.7125,-39.2481,75.09,84,100,10.4,overcast clouds
445,47.2833,26.3833,37.27,96,100,1.1,overcast clouds
446,33.1812,-102.2744,50.4,28,0,8.75,clear sky
447,-34.9333,138.6,73.42,52,20,19.57,few clouds
448,19.6,81.6667,60.57,61,0,1.61,clear sky
449,-9.6608,20.3916,60.75,99,98,2.55,overcast clouds
450,-32.035,-52.0986,69.69,91,2,16.06,clear sky
451,-8.8389,-69.2597,79.59,72,26,5.55,scattered clouds
452,-33.7456,-61.9688,70.43,81,100,2.89,overcast clouds
453,57.4028,67.0786,3.42,81,99,5.44,overcast clouds
454,50.3167,11.9167,38.44,92,100,4.61,overcast clouds
455,18.6853,12.9164,60.93,41,0,7.81,clear sky
456,5.3833,-52.95,76.26,89,72,6.98,broken clouds
457,39.9606,68.3958,42.87,77,36,0.6,scattered clouds
458,51.064,-0.3272,45.3,95,75,2.3,fog
459,60.7522,-137.5108,-5.85,71,5,2.3,clear sky
460,9.1429,18.3923,71.46,28,98,5.53,overcast clouds
461,36.4141,64.9053,46.31,75,8,3.4,clear sky
462,66.1451,-65.7125,-16.4,98,100,2.75,overcast clouds
463,40.8333,-6.0,38.62,75,3,2.8,clear sky
464,18.9048,-3.5265,65.59,18,3,10.54,clear sky
465,49.4169,-82.4331,32.09,93,100,18.41,snow
466,61.9875,5.1352,44.87,66,100,10.85,overcast clouds
467,6.9538,-71.8752,71.06,96,100,1.23,overcast clouds
468,57.6267,92.2658,-13.83,98,85,5.35,overcast clouds
469,36.7186,15.0907,54.86,78,96,6.91,overcast clouds
470,56.9064,118.2631,-25.22,80,22,1.54,few clouds
471,49.2,119.7,-14.89,83,5,11.32,clear sky
472,-21.05,31.6667,64.08,75,48,2.93,scattered clouds
473,-0.7289,-47.8481,75.2,92,100,2.73,light rain
474,62.7191,32.727,19.53,97,100,2.73,overcast clouds
475,71.6872,128.8694,-28.88,100,87,2.04,overcast clouds
476,66.4167,112.4,2.44,77,100,9.04,overcast clouds
477,55.2834,-114.769,1.38,85,100,0.0,light snow
478,39.447,-86.1758,60.31,77,88,19.51,overcast clouds
479,54.0359,19.0266,34.9,95,16,6.46,few clouds
480,62.2349,44.9985,9.1,98,83,1.88,broken clouds
481,-32.6259,-62.6887,74.32,65,100,3.74,overcast clouds
482,48.8002,-79.1996,27.86,85,100,14.63,overcast clouds
483,71.0357,27.8492,37.35,93,100,11.5,overcast clouds
484,25.9,74.6667,58.26,44,36,3.4,scattered clouds
485,39.4667,141.95,55.83,64,100,10.56,light rain
486,-24.4167,150.5,67.71,92,100,18.48,light rain
487,6.5456,-7.4966,71.64,96,85,1.68,light rain
488,-39.2,173.8833,58.51,91,100,15.41,light rain
489,-11.705,-76.2686,42.31,84,100,3.71,overcast clouds
490,26.1247,127.6694,73.42,86,75,27.63,broken clouds
491,38.8,121.2667,21.42,58,100,17.83,overcast clouds
492,56.5033,52.4409,0.54,99,80,3.11,broken clouds
493,68.097,16.3742,33.67,77,37,7.7,scattered clouds
494,40.6576,-73.5832,42.96,79,68,5.57,broken clouds
495,54.4253,119.9327,-13.92,92,100,4.34,overcast clouds
496,40.6665,-123.9178,35.19,76,94,2.39,overcast clouds
497,10.5669,72.642,81.46,70,0,1.12,clear sky
498,33.194,-82.5271,63.37,67,26,8.75,scattered clouds
499,60.7167,-46.0333,27.64,86,100,1.99,overcast clouds
500,41.1239,-100.7654,17.11,74,20,8.01,few clouds
501,61.95,159.2333,13.68,88,99,11.61,overcast clouds
502,30.4362,61.8383,54.09,57,28,8.1,scattered clouds
503,8.4109,20.6473,76.42,30,100,2.73,overcast clouds
504,-34.426,-58.5796,80.74,71,0,6.91,clear sky
505,54.5163,-128.6035,19.31,38,75,6.91,broken clouds
506,-28.65,153.6167,71.94,56,100,15.59,overcast clouds
507,-6.7167,32.0667,63.66,88,96,1.9,overcast clouds
508,5.6592,-53.7767,76.15,90,98,6.69,overcast clouds
509,28.2719,83.5898,57.38,44,100,4.54,overcast clouds
510,10.7398,13.8019,63.66,31,52,3.24,broken clouds
511,55.7028,37.3822,10.65,92,0,6.71,clear sky
512,51.0333,-4.2167,43.25,90,99,9.73,overcast clouds
513,-20.7333,139.5,91.17,15,0,18.41,clear sky
514,-41.45,147.1667,71.24,54,40,12.66,scattered clouds
515,-17.7333,-149.15,78.12,81,27,10.22,light rain
516,68.8193,-51.1922,12.29,87,100,2.53,overcast clouds
517,9.9578,1.0447,72.41,31,5,3.18,clear sky
518,17.4833,106.6,81.03,81,31,7.29,scattered clouds
519,16.8634,-99.8901,77.94,79,62,2.71,broken clouds
520,-8.19,114.9675,86.0,65,85,4.88,overcast clouds
521,41.1231,80.2644,13.48,18,0,1.74,clear sky
522,46.6806,113.2792,-3.28,71,44,16.24,scattered clouds
523,48.9329,-125.5528,36.09,92,100,1.01,overcast clouds
524,5.3505,48.5268,79.12,71,91,16.58,overcast clouds
525,66.0,111.5,0.0,96,100,17.54,light snow
526,39.8161,109.9776,3.94,20,1,12.55,clear sky
527,38.421,-121.4238,51.31,51,0,0.0,clear sky
528,5.3473,115.7455,87.67,61,99,1.72,overcast clouds
529,52.2891,11.4098,44.53,92,100,3.53,overcast clouds
530,28.3667,129.4833,65.32,85,95,21.27,overcast clouds
531,-17.4,15.8833,75.38,41,97,1.9,overcast clouds
532,1.4451,125.1824,83.25,66,51,6.22,broken clouds
533,57.0531,-135.33,20.88,45,0,13.31,clear sky
534,31.6725,38.6637,50.25,100,100,6.91,fog
535,44.3,86.0333,-2.34,82,2,3.65,clear sky
536,-32.8908,-68.8272,87.33,33,40,3.44,scattered clouds
537,-10.4544,161.9205,83.26,77,88,5.99,overcast clouds
538,65.1073,57.0459,8.64,96,99,4.34,overcast clouds
539,18.0858,-15.9785,72.66,32,0,11.99,clear sky
540,26.9333,-101.45,74.32,26,0,3.0,clear sky
541,43.3665,-124.2179,46.15,100,100,14.38,overcast clouds
542,15.85,-97.0667,78.71,77,43,3.04,scattered clouds
543,68.3065,-53.4641,22.91,89,100,27.02,light snow
544,3.9366,41.867,76.17,73,100,10.58,overcast clouds
545,40.8021,-124.1637,44.26,85,75,1.01,broken clouds
546,-8.7537,148.2534,82.81,70,100,2.86,overcast clouds
547,31.3525,27.2453,55.6,82,0,6.91,clear sky
548,-15.3175,-49.1175,66.69,86,16,3.11,few clouds
549,22.9333,97.75,68.04,66,0,1.52,clear sky
550,46.9809,-123.8893,48.0,97,100,1.01,heavy intensity rain
551,60.9167,-46.05,26.13,87,100,4.14,overcast clouds
552,39.4735,-118.7774,33.93,54,100,4.0,overcast clouds
553,12.1628,6.6614,66.38,29,5,8.77,clear sky
554,25.2088,64.6357,73.87,58,0,5.64,clear sky
555,5.5577,95.3222,82.18,67,100,4.09,overcast clouds
556,30.5667,79.5667,50.43,15,37,8.08,scattered clouds
557,4.4683,97.9683,83.71,67,100,1.66,overcast clouds
558,37.5672,68.4469,47.05,68,8,2.21,clear sky
559,53.6294,11.4132,38.82,95,100,5.01,light rain
560,66.9395,-53.6735,16.32,89,84,13.51,broken clouds
561,35.7833,139.9,66.88,73,75,4.61,broken clouds
562,22.5667,59.5289,75.13,59,1,6.82,clear sky
563,0.5412,123.0595,88.7,61,91,3.87,overcast clouds
564,54.3419,101.5036,-0.31,77,100,13.18,overcast clouds
565,-11.6725,-61.1936,75.6,77,96,4.23,overcast clouds
566,2.385,103.021,82.85,76,58,2.17,broken clouds
567,-43.249,-65.3051,54.27,67,33,13.82,scattered clouds
568,65.5833,-171.0,30.58,98,100,11.54,overcast clouds
569,63.7553,121.6247,-27.78,98,100,4.74,overcast clouds
570,25.5333,87.5833,68.02,56,7,2.46,clear sky
571,16.9833,73.3,74.03,64,1,5.75,clear sky
572,20.4833,-97.0167,76.71,92,100,10.4,overcast clouds
573,69.4058,86.1778,-6.92,100,100,3.91,overcast clouds
574,-45.75,170.5667,56.8,74,100,10.49,light rain
575,14.0453,124.1694,84.76,74,38,12.06,scattered clouds
576,36.3868,4.3989,48.69,91,74,4.76,light rain
577,-13.8833,167.55,86.67,70,68,0.0,broken clouds
578,24.6333,79.5,58.68,60,37,1.41,scattered clouds
579,41.7597,86.1469,13.57,30,76,2.57,broken clouds
580,46.1879,-123.8313,45.93,94,100,11.01,moderate rain
581,59.2353,163.0719,12.43,80,40,4.92,scattered clouds
582,54.39,35.73,15.55,91,93,6.62,overcast clouds
583,-6.6603,-69.8736,74.08,88,100,3.49,overcast clouds
584,38.9679,-76.845,47.44,77,100,6.73,overcast clouds
585,69.3,139.9,-18.09,99,100,2.44,overcast clouds
586,-20.7377,116.8463,91.51,30,21,5.79,few clouds
587,60.3964,-1.353,46.17,87,100,8.23,overcast clouds
588,8.1537,-77.6931,73.09,98,100,1.74,overcast clouds
589,-29.6842,-53.8069,74.5,73,0,11.5,clear sky
590,41.4414,-85.265,56.79,76,100,16.11,overcast clouds
591,48.9167,11.8667,40.23,95,100,3.76,overcast clouds
592,47.5002,-111.3008,7.68,73,93,4.12,overcast clouds
593,64.8945,-23.7142,43.39,90,100,19.86,moderate rain
594,-20.4167,-63.2833,69.35,70,100,5.7,moderate rain
595,37.2711,-87.1764,57.78,97,100,13.8,light intensity drizzle
596,8.2,-59.7833,72.46,98,100,2.42,overcast clouds
597,42.0551,59.3788,28.49,54,100,10.0,overcast clouds
598,12.1667,104.55,81.99,77,23,3.47,few clouds
599,18.0387,-88.6622,73.29,95,100,4.29,overcast clouds
600,25.35,87.6333,67.8,58,5,2.71,clear sky
601,41.5388,-8.6151,50.92,84,97,5.77,overcast clouds
602,25.0213,37.2685,74.88,54,7,7.49,clear sky
603,-9.3451,28.734,66.29,93,100,7.7,overcast clouds
604,23.7833,85.9667,65.46,59,3,3.8,clear sky
605,31.8469,-81.5959,62.13,45,1,4.41,clear sky
606,43.133,-115.6912,25.3,69,100,5.84,overcast clouds
607,-2.8856,-40.12,76.87,83,100,4.59,overcast clouds
608,31.6315,-8.0083,53.67,47,0,1.14,clear sky
609,26.3544,127.8686,72.63,88,100,22.24,overcast clouds
610,43.3,6.6333,46.42,81,26,5.32,scattered clouds
611,-23.65,-70.4,65.48,79,41,3.31,scattered clouds
612,36.6736,48.4787,41.09,91,100,7.49,overcast clouds
613,-12.0951,26.4273,60.53,97,100,2.08,light rain
614,64.5401,40.5433,23.11,100,100,0.0,overcast clouds
615,-20.5833,48.5333,73.08,87,84,9.75,broken clouds
616,56.9514,90.6661,-14.15,98,40,3.58,scattered clouds
617,36.0998,0.4206,51.39,61,29,3.83,scattered clouds
618,45.1865,-73.4047,35.73,78,76,6.4,broken clouds
619,25.7167,-79.3,78.94,72,52,19.75,broken clouds
620,-9.1061,124.8925,82.99,64,83,4.14,broken clouds
621,53.4001,-117.5857,-0.27,97,100,3.67,overcast clouds
622,18.55,-88.25,77.85,86,100,8.1,overcast clouds
623,37.7333,-25.6667,65.12,88,75,8.05,broken clouds
624,28.6585,-17.9182,65.95,72,100,10.36,overcast clouds
625,68.2191,-135.0107,-15.41,87,100,2.21,overcast clouds
626,20.15,92.9,79.39,77,8,5.77,clear sky
627,53.4433,36.0044,16.34,88,84,7.78,broken clouds
628,60.8156,-115.7999,-15.63,100,82,7.36,broken clouds
629,59.6206,30.39,26.13,92,100,5.37,overcast clouds
630,47.35,142.8,20.08,78,68,15.7,light snow
631,28.4667,-107.3,48.92,44,4,3.31,clear sky
632,35.0806,109.0897,18.3,13,100,5.08,overcast clouds
633,-17.8,-63.1667,85.46,54,75,11.5,broken clouds
634,66.5606,67.7975,-2.13,99,91,3.09,overcast clouds
635,40.6804,-122.3708,45.32,54,100,0.94,overcast clouds
636,58.8053,-122.7002,-15.21,70,75,5.75,light snow
637,30.523,-87.9033,75.43,81,100,10.36,overcast clouds
638,28.0167,73.3,59.02,27,0,4.45,clear sky
639,39.3558,-9.3811,52.45,92,40,4.99,scattered clouds
640,24.6877,46.7219,59.14,36,3,8.14,clear sky
641,8.0333,-2.8,74.26,66,37,2.01,scattered clouds
642,41.2547,67.9692,45.01,76,22,4.56,few clouds
643,39.1834,-84.5333,59.76,64,100,5.99,overcast clouds
644,38.2059,37.1983,45.01,81,100,5.23,overcast clouds
645,40.81,114.8794,10.47,23,0,17.2,clear sky
646,29.0331,21.5482,57.54,52,0,9.17,clear sky
647,-6.0989,106.6381,88.05,70,20,3.44,few clouds
648,30.4202,-9.5982,55.85,63,0,3.51,clear sky
649,-23.4,21.7167,72.82,42,10,12.95,clear sky
650,34.6667,138.95,70.11,73,100,19.48,overcast clouds
651,-2.5744,150.7967,85.01,61,100,5.14,overcast clouds
652,0.8,127.4,83.57,72,24,6.91,few clouds
653,-7.2597,-34.9075,76.28,75,99,6.73,overcast clouds
654,26.6208,-78.2833,76.78,73,10,17.83,clear sky
655,52.4675,96.11,-7.91,96,99,0.72,overcast clouds
656,44.6714,-103.8522,16.5,61,8,15.55,clear sky
657,20.8783,-156.6825,80.94,93,96,5.64,overcast clouds
658,12.35,32.1833,82.27,24,42,10.51,scattered clouds
659,34.0143,-86.0066,69.03,83,100,4.61,thunderstorm with rain
660,47.3821,-61.8597,30.6,62,100,18.92,overcast clouds
661,51.1786,49.6769,17.49,54,8,7.02,clear sky
662,53.1436,0.3363,45.01,83,100,2.66,overcast clouds
663,7.4167,81.8167,75.63,82,94,7.27,overcast clouds
664,56.194,86.6414,-13.02,92,100,4.38,overcast clouds
665,40.8984,-7.9338,36.82,93,38,2.13,scattered clouds
666,56.7895,49.6235,2.82,97,28,4.9,scattered clouds
667,39.05,-27.9833,62.04,71,100,9.6,overcast clouds
668,-20.3167,118.5667,87.85,66,40,8.05,scattered clouds
669,22.2394,68.9678,73.38,46,3,12.12,clear sky
670,60.0,-1.25,48.02,81,40,8.05,scattered clouds
671,19.4,-102.1333,57.81,81,45,3.96,scattered clouds
672,37.0965,-4.3887,45.41,41,93,1.86,overcast clouds
673,38.4496,-78.8689,46.38,73,0,4.61,clear sky
674,48.4001,-89.3168,31.91,93,100,10.36,light snow
675,62.2667,151.7,-22.47,100,100,5.79,overcast clouds
